Created At,Author,Subject,Body,Section,Attachment
2026-07-14T00:10:00.000Z,김민수,장단이 경쾌해요,장단이 경쾌해서 춤추고 싶은 느낌이 들었어요. 가락도 밝고 즐거웠습니다.,음악 감상,
2026-07-14T00:11:00.000Z,이서연,따뜻한 음색,가락이 아름답고 음색이 따뜻해서 평온한 기분이 들었어요.,음악 감상,
2026-07-14T00:12:00.000Z,박지훈,웅장한 소리,웅장한 느낌이에요. 악기 소리가 크고 장엄해서 감동받았습니다.,음악 감상,
2026-07-14T00:13:00.000Z,최유나,빠른 리듬,리듬이 빠르고 경쾌해서 신나는 기분이었어요. 장단이 특히 인상적이었습니다.,음악 감상,
2026-07-14T00:14:00.000Z,정하은,슬픈 가락,슬픈 가락이 눈물이 날 것 같았어요. 음색이 애잔하고 쓸쓸했습니다.,음악 감상,
2026-07-14T00:15:00.000Z,강도윤,신비로운 가야금,가야금 음색이 신비로워요. 몽환적인 분위기가 좋았습니다.,음악 감상,
2026-07-14T00:16:00.000Z,윤서아,장단과 리듬,장단과 리듬이 잘 맞아서 경쾌하고 발랄한 느낌이었어요.,음악 감상,
2026-07-14T00:17:00.000Z,임준혁,강한 다이나믹,표현력이 뛰어나고 다이나믹한 강약이 인상적이었습니다. 웅장함을 느꼈어요.,음악 감상,
2026-07-14T00:18:00.000Z,한소희,잔잔한 선율,잔잔한 가락이 차분하고 평온한 느낌을 줬어요. 고요한 분위기가 좋았습니다.,음악 감상,
2026-07-14T00:19:00.000Z,오태민,긴장감 있는 장단,긴장감 있는 리듬과 빠른 장단이 스릴 있었어요. 흥겨운 기쁨도 느꼈습니다.,음악 감상,
2026-07-14T00:20:00.000Z,송예린,감동적인 화성,화성이 풍부하고 가락이 감동적이었어요. 뭉클한 느낌이 들었습니다.,음악 감상,
2026-07-14T00:21:00.000Z,류현우,대금 음색,대금 소리의 음색이 맑고 가락 선율이 아름다웠어요. 평화로운 기분.,음악 감상,
2026-07-14T00:22:00.000Z,배수진,장구 장단,장구 장단이 경쾌하고 신나요! 춤추고 싶을 만큼 즐거웠습니다.,음악 감상,
2026-07-14T00:23:00.000Z,신동욱,클라이맥스,악곡 형식이 체계적이고 전개가 흥미로웠어요. 웅장한 클라이맥스가 인상적.,음악 감상,
2026-07-14T00:24:00.000Z,권나영,애절한 음색,슬픔과 그리움이 느껴지는 가락이었어요. 애절한 음색이 마음에 와닿았습니다.,음악 감상,
